[{"id":"user-image-149412.png","publicUrl":"np://user.desktop.nicepage.com/Site_720719642/images/149412.png","size":1796,"fileName":"149412.png","name":"149412","width":128,"height":128,"thumbnail":{"url":"np://user.desktop.nicepage.com/Site_720719642/images/thumbnails/149412.png","width":128,"height":128,"length":1796,"type":"png"}},{"id":"user-image-907027.png","publicUrl":"np://user.desktop.nicepage.com/Site_720719642/images/907027.png","size":1292,"fileName":"907027.png","name":"907027","width":128,"height":128,"thumbnail":{"url":"np://user.desktop.nicepage.com/Site_720719642/images/thumbnails/907027.png","width":128,"height":128,"length":1292,"type":"png"}},{"id":"user-image-399274.png","publicUrl":"np://user.desktop.nicepage.com/Site_720719642/images/399274.png","size":1747,"fileName":"399274.png","name":"399274","width":128,"height":128,"thumbnail":{"url":"np://user.desktop.nicepage.com/Site_720719642/images/thumbnails/399274.png","width":128,"height":128,"length":1747,"type":"png"}},{"id":"user-image-2040520.png","publicUrl":"np://user.desktop.nicepage.com/Site_720719642/images/2040520.png","size":2192,"fileName":"2040520.png","name":"2040520","width":128,"height":128,"thumbnail":{"url":"np://user.desktop.nicepage.com/Site_720719642/images/thumbnails/2040520.png","width":128,"height":128,"length":2192,"type":"png"}},{"id":"user-image-8643684.png","publicUrl":"np://user.desktop.nicepage.com/Site_720719642/images/8643684.png","size":2793,"fileName":"8643684.png","name":"8643684","width":128,"height":128,"thumbnail":{"url":"np://user.desktop.nicepage.com/Site_720719642/images/thumbnails/8643684.png","width":128,"height":128,"length":2793,"type":"png"}}]